{
    "tLowFrequency": {
        "cpu": 0.005458007620836697,
        "cpu_max": 0.37576959894221387,
        "stack": 14.958639705882354
    },
    "tDispach": {
        "cpu": 0.05380129345474014,
        "cpu_max": 0.08319827915988798,
        "stack": 30.09033203125
    },
    "tPollKeba": {
        "cpu": 0.2551011207775199,
        "cpu_max": 0.2717273382653689,
        "stack": 36.87744140625
    },
    "tInKeba": {
        "cpu": 0.203151857849626,
        "cpu_max": 0.28467009712398635,
        "stack": 36.73095703125
    },
    "tClient": {
        "cpu": 0.0014387231520823618,
        "cpu_max": 0.32979598165904347,
        "stack": 40.14892578125
    },
    "tFtpFileWatcher": {
        "cpu": 0.0013680612585486394,
        "cpu_max": 7.5677568782593689,
        "stack": 28.685709635416669
    },
    "tCbiStoapp": {
        "cpu": 0.0,
        "cpu_max": 0.001729390805240281,
        "stack": 4.79736328125
    },
    "tCbiStaapp": {
        "cpu": 0.0,
        "cpu_max": 0.0032032023521881608,
        "stack": 4.79736328125
    },
    "tCbiTasman": {
        "cpu": 0.0,
        "cpu_max": 0.001600429435802668,
        "stack": 4.79736328125
    },
    "tCbiAppman": {
        "cpu": 0.8048997643809428,
        "cpu_max": 1.0672021231698692,
        "stack": 6.32080078125
    },
    "tCbiMaimen": {
        "cpu": 0.0,
        "cpu_max": 0.7258788891433642,
        "stack": 5.46142578125
    },
    "tSoapServer": {
        "cpu": 0.017488304356956236,
        "cpu_max": 0.04494068259675753,
        "stack": 40.14892578125
    },
    "tSoapClient9": {
        "cpu": 0.0,
        "cpu_max": 0.001369784375995568,
        "stack": 7.99560546875
    },
    "tSoapWrClient9": {
        "cpu": 0.0,
        "cpu_max": 0.0016528416287145995,
        "stack": 11.287913602941176
    },
    "tSoapClient8": {
        "cpu": 0.0,
        "cpu_max": 0.0014519426434379643,
        "stack": 7.99560546875
    },
    "tSoapWrClient8": {
        "cpu": 0.0,
        "cpu_max": 0.0013870953494450245,
        "stack": 11.287913602941176
    },
    "tSoapClient7": {
        "cpu": 0.0,
        "cpu_max": 0.0017180213368216018,
        "stack": 7.99560546875
    },
    "tSoapWrClient7": {
        "cpu": 0.0,
        "cpu_max": 0.0012549008109275066,
        "stack": 11.287913602941176
    },
    "tSoapClient6": {
        "cpu": 0.0,
        "cpu_max": 0.0015535690431435924,
        "stack": 7.99560546875
    },
    "tSoapWrClient6": {
        "cpu": 0.0,
        "cpu_max": 0.0011293148923013008,
        "stack": 11.287913602941176
    },
    "tSoapClient5": {
        "cpu": 0.0,
        "cpu_max": 0.0013815829776761748,
        "stack": 7.99560546875
    },
    "tSoapWrClient5": {
        "cpu": 0.0,
        "cpu_max": 0.001310572933516653,
        "stack": 11.287913602941176
    },
    "tSktSrvRip": {
        "cpu": 0.07388298161609322,
        "cpu_max": 0.15746666432681476,
        "stack": 24.31640625
    },
    "tSoapClient4": {
        "cpu": 0.0,
        "cpu_max": 0.00134941196517256,
        "stack": 7.99560546875
    },
    "tSoapWrClient4": {
        "cpu": 0.0,
        "cpu_max": 0.0012633702520142335,
        "stack": 11.287913602941176
    },
    "tSoapClient3": {
        "cpu": 0.0,
        "cpu_max": 0.0014749228649338883,
        "stack": 7.99560546875
    },
    "tSoapWrClient3": {
        "cpu": 0.0,
        "cpu_max": 0.001637895451187754,
        "stack": 11.287913602941176
    },
    "tSoapClient2": {
        "cpu": 0.0,
        "cpu_max": 0.0032531169308737458,
        "stack": 7.99560546875
    },
    "tSoapWrClient2": {
        "cpu": 0.0,
        "cpu_max": 0.0024644653264271666,
        "stack": 11.287913602941176
    },
    "tSoapClient1": {
        "cpu": 0.0,
        "cpu_max": 0.033813059280240139,
        "stack": 16.63818359375
    },
    "tSoapWrClient1": {
        "cpu": 0.0,
        "cpu_max": 0.007067410918436617,
        "stack": 11.287913602941176
    },
    "tSoapClient0": {
        "cpu": 0.0,
        "cpu_max": 0.3629694637639227,
        "stack": 16.63818359375
    },
    "tSoapWrClient0": {
        "cpu": 0.0,
        "cpu_max": 0.0029624501773035198,
        "stack": 11.287913602941176
    },
    "tComSesMgr": {
        "cpu": 0.0,
        "cpu_max": 0.01607975035734885,
        "stack": 36.92626953125
    },
    "tSCGIServer": {
        "cpu": 0.5475505144080872,
        "cpu_max": 1.317445719523214,
        "stack": 9.354285037878788
    },
    "tRipSetTime": {
        "cpu": 0.0,
        "cpu_max": 0.0009550702188928401,
        "stack": 23.98681640625
    },
    "tRipImpExpArm": {
        "cpu": 0.0,
        "cpu_max": 0.0009822282792289442,
        "stack": 11.287913602941176
    },
    "tRipBTdetailled": {
        "cpu": 0.0,
        "cpu_max": 0.0013883483048802402,
        "stack": 23.98681640625
    },
    "tRipBrakesWdg": {
        "cpu": 0.0,
        "cpu_max": 0.0008139138968124423,
        "stack": 23.98681640625
    },
    "tRipArmPos": {
        "cpu": 0.0,
        "cpu_max": 0.004475285390084336,
        "stack": 23.98681640625
    },
    "tRipApp": {
        "cpu": 0.0,
        "cpu_max": 0.002927228591490934,
        "stack": 2.9522235576923077
    },
    "tRipExportLog": {
        "cpu": 0.0,
        "cpu_max": 0.0018888991402599633,
        "stack": 11.287913602941176
    },
    "tDsiFramInit": {
        "cpu": 0.0010508092888401756,
        "cpu_max": 0.0010508092888401756,
        "stack": 12.758501838235294
    },
    "tSp2UsbPoll": {
        "cpu": 0.0014076396676564755,
        "cpu_max": 0.10910445823643102,
        "stack": 6.004379734848484
    },
    "tUsbPoll": {
        "cpu": 0.005153066926461296,
        "cpu_max": 2.22884664907778,
        "stack": 16.131310096153848
    },
    "tEcmLowPrio": {
        "cpu": 0.0,
        "cpu_max": 0.00107790304275991,
        "stack": 23.98681640625
    },
    "tMasterEtherCAT": {
        "cpu": 19.3376143684747,
        "cpu_max": 22.57324449386146,
        "stack": 15.056295955882354
    },
    "tObsReqOP1003S": {
        "cpu": 0.0,
        "cpu_max": 0.00134102050656854,
        "stack": 23.98681640625
    },
    "tObsReqOP1002S": {
        "cpu": 0.0,
        "cpu_max": 0.0013144557027775974,
        "stack": 23.98681640625
    },
    "tObsReqOP1001S": {
        "cpu": 0.0,
        "cpu_max": 0.001608798479995733,
        "stack": 23.98681640625
    },
    "tIdleTask": {
        "cpu": 16.644217119954904,
        "cpu_max": 74.96518067816169,
        "stack": 23.98681640625
    },
    "tSinSync2": {
        "cpu": 0.0,
        "cpu_max": 0.000709717449825022,
        "stack": 15.725032010243277
    },
    "tSinSync1": {
        "cpu": 0.0,
        "cpu_max": 0.0008133027851163836,
        "stack": 15.725032010243277
    },
    "tSinMan": {
        "cpu": 39.744424528794009,
        "cpu_max": 40.240666155407087,
        "stack": 16.653329065300896
    },
    "tUsrEvts": {
        "cpu": 0.0,
        "cpu_max": 0.0010195075595615443,
        "stack": 11.287913602941176
    },
    "tSysEvts": {
        "cpu": 0.0,
        "cpu_max": 4.380595595223048,
        "stack": 15.492876838235294
    },
    "tRipSocketPing": {
        "cpu": 0.0,
        "cpu_max": 0.0013848311642990566,
        "stack": 23.98681640625
    },
    "tCbiEgg": {
        "cpu": 0.0,
        "cpu_max": 0.00176175102881512,
        "stack": 23.98681640625
    },
    "tContext": {
        "cpu": 0.0848543300826505,
        "cpu_max": 0.112300295864819,
        "stack": 18.060661764705885
    },
    "tObsMonSpeed": {
        "cpu": 0.0,
        "cpu_max": 0.0013094033089710966,
        "stack": 23.98681640625
    },
    "tPreProcauto": {
        "cpu": 0.0,
        "cpu_max": 0.0012626627369005362,
        "stack": 11.287913602941176
    },
    "tStepJog": {
        "cpu": 0.0,
        "cpu_max": 0.0010289584006216043,
        "stack": 47.9736328125
    },
    "tPreProcmanu": {
        "cpu": 0.0,
        "cpu_max": 0.0011265535814897323,
        "stack": 11.287913602941176
    },